user_id,anxious,calm,conventional,critical,dependable,disorganized,enthusiastic,experiences,reserved,resp_time,sympathetic,datetime_utc
u00,4,4.0,5.0,2,3.0,3.0,4.0,4.0,3.0,1365455068,4.0,2013-04-08 21:04:28+00:00
u00,5,3.0,3.0,1,4.0,4.0,4.0,3.0,1.0,1365621587,4.0,2013-04-10 19:19:47+00:00
u00,4,3.0,3.0,3,4.0,2.0,4.0,4.0,2.0,1366145919,4.0,2013-04-16 20:58:39+00:00
u00,4,5.0,2.0,1,4.0,3.0,5.0,3.0,1.0,1366229877,4.0,2013-04-17 20:17:57+00:00
u00,3,3.0,3.0,3,3.0,3.0,3.0,4.0,3.0,1366663342,4.0,2013-04-22 20:42:22+00:00
u00,5,3.0,4.0,5,3.0,4.0,2.0,1.0,3.0,1366867587,4.0,2013-04-25 05:26:27+00:00
u00,5,3.0,4.0,2,5.0,1.0,4.0,3.0,1.0,1367008911,3.0,2013-04-26 20:41:51+00:00
u00,3,,,3,3.0,3.0,3.0,3.0,3.0,1368576414,3.0,2013-05-15 00:06:54+00:00
u00,3,2.0,2.0,3,3.0,2.0,3.0,2.0,2.0,1368662695,2.0,2013-05-16 00:04:55+00:00
u00,4,4.0,3.0,2,3.0,3.0,2.0,3.0,5.0,1368837399,4.0,2013-05-18 00:36:39+00:00
u00,3,3.0,2.0,3,3.0,3.0,3.0,3.0,,1368997413,2.0,2013-05-19 21:03:33+00:00
u00,4,2.0,3.0,5,3.0,3.0,1.0,2.0,3.0,1369154068,1.0,2013-05-21 16:34:28+00:00
u00,2,,,1,,,,,,1375922872,,2013-08-08 00:47:52+00:00
u01,1,5.0,5.0,1,3.0,2.0,3.0,3.0,5.0,1366318497,3.0,2013-04-18 20:54:57+00:00
u02,1,5.0,2.0,2,2.0,3.0,5.0,2.0,2.0,1366185963,4.0,2013-04-17 08:06:03+00:00
u02,2,4.0,3.0,3,3.0,1.0,5.0,4.0,2.0,1366229024,5.0,2013-04-17 20:03:44+00:00
u03,1,5.0,3.0,4,4.0,1.0,3.0,5.0,4.0,1365527121,3.0,2013-04-09 17:05:21+00:00
u03,3,3.0,3.0,3,5.0,1.0,3.0,4.0,4.0,1366564669,3.0,2013-04-21 17:17:49+00:00
u03,1,4.0,3.0,3,5.0,1.0,4.0,3.0,4.0,1366644207,3.0,2013-04-22 15:23:27+00:00
u03,1,3.0,3.0,3,5.0,1.0,3.0,3.0,4.0,1366765211,2.0,2013-04-24 01:00:11+00:00
u03,3,2.0,3.0,3,1.0,3.0,3.0,3.0,2.0,1367803144,2.0,2013-05-06 01:19:04+00:00
u03,1,4.0,,1,5.0,2.0,4.0,5.0,4.0,1368387260,4.0,2013-05-12 19:34:20+00:00
u04,2,3.0,3.0,2,4.0,2.0,3.0,3.0,4.0,1365458924,3.0,2013-04-08 22:08:44+00:00
u04,4,2.0,3.0,4,2.0,4.0,3.0,3.0,4.0,1365722786,3.0,2013-04-11 23:26:26+00:00
u04,4,2.0,3.0,4,3.0,2.0,3.0,3.0,3.0,1365741594,2.0,2013-04-12 04:39:54+00:00
u04,4,3.0,4.0,4,3.0,3.0,3.0,3.0,3.0,1366232747,4.0,2013-04-17 21:05:47+00:00
u07,2,4.0,3.0,2,1.0,1.0,3.0,3.0,4.0,1365707392,3.0,2013-04-11 19:09:52+00:00
u07,2,4.0,3.0,2,3.0,1.0,4.0,3.0,3.0,1365710707,5.0,2013-04-11 20:05:07+00:00
u07,2,4.0,3.0,1,3.0,1.0,4.0,3.0,4.0,1365756781,4.0,2013-04-12 08:53:01+00:00
u07,1,4.0,3.0,1,2.0,1.0,4.0,3.0,4.0,1366169916,2.0,2013-04-17 03:38:36+00:00
u07,2,4.0,3.0,2,3.0,1.0,2.0,3.0,4.0,1366186285,4.0,2013-04-17 08:11:25+00:00
u07,2,4.0,3.0,2,4.0,1.0,4.0,3.0,4.0,1366245246,4.0,2013-04-18 00:34:06+00:00
u07,2,4.0,3.0,1,4.0,1.0,3.0,3.0,5.0,1366281902,4.0,2013-04-18 10:45:02+00:00
u07,2,4.0,3.0,2,4.0,1.0,2.0,3.0,4.0,1366310284,3.0,2013-04-18 18:38:04+00:00
u07,2,5.0,3.0,2,3.0,1.0,3.0,3.0,5.0,1366440611,3.0,2013-04-20 06:50:11+00:00
u07,4,2.0,3.0,2,2.0,1.0,4.0,4.0,4.0,1366505988,4.0,2013-04-21 00:59:48+00:00
u07,1,4.0,3.0,1,4.0,1.0,3.0,4.0,5.0,1366593226,3.0,2013-04-22 01:13:46+00:00
u07,1,4.0,3.0,1,3.0,1.0,4.0,2.0,4.0,1366752545,4.0,2013-04-23 21:29:05+00:00
u07,4,3.0,3.0,5,4.0,1.0,4.0,1.0,2.0,1366772268,5.0,2013-04-24 02:57:48+00:00
u08,1,4.0,4.0,2,5.0,2.0,4.0,4.0,3.0,1365389682,2.0,2013-04-08 02:54:42+00:00
u08,2,4.0,3.0,2,4.0,2.0,4.0,4.0,5.0,1365500159,3.0,2013-04-09 09:35:59+00:00
u08,3,5.0,4.0,2,4.0,2.0,2.0,2.0,4.0,1365589993,3.0,2013-04-10 10:33:13+00:00
u08,3,4.0,4.0,2,4.0,2.0,4.0,4.0,2.0,1365651462,4.0,2013-04-11 03:37:42+00:00
u08,2,5.0,4.0,2,4.0,3.0,4.0,2.0,5.0,1365733225,4.0,2013-04-12 02:20:25+00:00
u08,5,3.0,4.0,3,4.0,3.0,1.0,2.0,4.0,1365770172,2.0,2013-04-12 12:36:12+00:00
u08,2,4.0,3.0,2,5.0,2.0,5.0,5.0,3.0,1365852844,5.0,2013-04-13 11:34:04+00:00
u08,4,4.0,4.0,2,4.0,2.0,2.0,2.0,5.0,1365917989,3.0,2013-04-14 05:39:49+00:00
u08,3,5.0,5.0,2,4.0,4.0,2.0,4.0,3.0,1365998836,4.0,2013-04-15 04:07:16+00:00
u08,4,3.0,5.0,3,5.0,3.0,3.0,2.0,3.0,1366010548,3.0,2013-04-15 07:22:28+00:00
u08,4,2.0,4.0,5,4.0,4.0,2.0,2.0,3.0,1366085547,4.0,2013-04-16 04:12:27+00:00
u08,3,4.0,4.0,2,4.0,2.0,2.0,3.0,4.0,1366171012,3.0,2013-04-17 03:56:52+00:00
u08,4,2.0,4.0,3,4.0,4.0,1.0,2.0,4.0,1366265107,3.0,2013-04-18 06:05:07+00:00
u08,2,5.0,5.0,2,4.0,2.0,2.0,3.0,4.0,1366317159,3.0,2013-04-18 20:32:39+00:00
u08,3,4.0,5.0,1,1.0,4.0,1.0,2.0,5.0,1366489185,2.0,2013-04-20 20:19:45+00:00
u08,2,4.0,4.0,2,4.0,4.0,2.0,3.0,5.0,1366575570,2.0,2013-04-21 20:19:30+00:00
u08,2,5.0,4.0,2,5.0,1.0,2.0,2.0,5.0,1366698501,2.0,2013-04-23 06:28:21+00:00
u08,4,4.0,4.0,1,4.0,2.0,4.0,4.0,4.0,1366717551,4.0,2013-04-23 11:45:51+00:00
u08,2,5.0,4.0,1,4.0,2.0,4.0,4.0,2.0,1366757054,5.0,2013-04-23 22:44:14+00:00
u08,3,5.0,4.0,1,4.0,2.0,3.0,5.0,4.0,1366770029,4.0,2013-04-24 02:20:29+00:00
u08,2,4.0,4.0,1,4.0,2.0,4.0,4.0,3.0,1366787419,4.0,2013-04-24 07:10:19+00:00
u08,2,4.0,4.0,1,4.0,2.0,4.0,2.0,4.0,1366837784,4.0,2013-04-24 21:09:44+00:00
u08,2,4.0,4.0,2,5.0,2.0,2.0,4.0,5.0,1366851284,5.0,2013-04-25 00:54:44+00:00
u08,2,4.0,4.0,2,4.0,2.0,4.0,4.0,4.0,1366926948,4.0,2013-04-25 21:55:48+00:00
u08,2,4.0,4.0,2,5.0,2.0,3.0,4.0,4.0,1366960443,4.0,2013-04-26 07:14:03+00:00
u08,4,3.0,4.0,1,4.0,2.0,1.0,2.0,4.0,1367022546,3.0,2013-04-27 00:29:06+00:00
u08,2,4.0,,2,4.0,2.0,2.0,4.0,3.0,1367399756,4.0,2013-05-01 09:15:56+00:00
u08,2,4.0,4.0,2,4.0,4.0,2.0,4.0,3.0,1367445339,5.0,2013-05-01 21:55:39+00:00
u08,1,5.0,3.0,1,5.0,2.0,5.0,4.0,2.0,1367457713,4.0,2013-05-02 01:21:53+00:00
u08,2,5.0,5.0,1,4.0,2.0,5.0,4.0,2.0,1367745536,4.0,2013-05-05 09:18:56+00:00
u08,2,4.0,4.0,2,4.0,2.0,2.0,3.0,4.0,1367898646,3.0,2013-05-07 03:50:46+00:00
u08,3,3.0,3.0,3,3.0,3.0,4.0,3.0,3.0,1368748902,3.0,2013-05-17 00:01:42+00:00
u08,5,2.0,5.0,3,3.0,4.0,1.0,2.0,4.0,1369003004,2.0,2013-05-19 22:36:44+00:00
u08,3,4.0,4.0,1,1.0,4.0,1.0,1.0,4.0,1369316298,3.0,2013-05-23 13:38:18+00:00
u10,3,2.0,3.0,4,3.0,2.0,2.0,2.0,4.0,1365458165,2.0,2013-04-08 21:56:05+00:00
u10,3,2.0,3.0,5,3.0,3.0,4.0,2.0,4.0,1366149248,1.0,2013-04-16 21:54:08+00:00
u10,2,4.0,2.0,4,4.0,1.0,3.0,2.0,2.0,1366319739,3.0,2013-04-18 21:15:39+00:00
u10,1,4.0,1.0,2,3.0,3.0,4.0,2.0,3.0,1366595885,2.0,2013-04-22 01:58:05+00:00
u10,1,3.0,1.0,3,4.0,2.0,3.0,4.0,4.0,1366868361,1.0,2013-04-25 05:39:21+00:00
u12,3,3.0,3.0,2,5.0,4.0,3.0,2.0,3.0,1365788931,2.0,2013-04-12 17:48:51+00:00
u12,3,3.0,3.0,1,5.0,3.0,3.0,2.0,3.0,1365891818,3.0,2013-04-13 22:23:38+00:00
u12,3,3.0,3.0,3,4.0,4.0,4.0,3.0,5.0,1365919361,2.0,2013-04-14 06:02:41+00:00
u12,2,,,3,4.0,,3.0,3.0,3.0,1366145308,3.0,2013-04-16 20:48:28+00:00
u14,1,3.0,3.0,1,3.0,3.0,3.0,2.0,3.0,1365498518,3.0,2013-04-09 09:08:38+00:00
u14,1,5.0,3.0,1,4.0,1.0,3.0,3.0,4.0,1366233972,3.0,2013-04-17 21:26:12+00:00
u14,1,5.0,3.0,1,3.0,1.0,3.0,3.0,3.0,1366317630,3.0,2013-04-18 20:40:30+00:00
u15,1,3.0,3.0,2,4.0,3.0,4.0,3.0,3.0,1366167767,3.0,2013-04-17 03:02:47+00:00
u15,3,4.0,3.0,3,3.0,4.0,3.0,3.0,2.0,1366316196,3.0,2013-04-18 20:16:36+00:00
u16,2,3.0,2.0,2,4.0,2.0,2.0,1.0,4.0,1365455890,2.0,2013-04-08 21:18:10+00:00
u16,1,3.0,4.0,2,2.0,1.0,3.0,4.0,5.0,1365561167,3.0,2013-04-10 02:32:47+00:00
u16,2,4.0,4.0,2,3.0,2.0,2.0,2.0,5.0,1365722066,3.0,2013-04-11 23:14:26+00:00
u16,1,4.0,4.0,1,3.0,3.0,2.0,3.0,3.0,1366149930,3.0,2013-04-16 22:05:30+00:00
u16,1,4.0,4.0,3,3.0,1.0,3.0,3.0,4.0,1366252454,2.0,2013-04-18 02:34:14+00:00
u16,2,4.0,2.0,2,4.0,1.0,3.0,3.0,4.0,1366315249,4.0,2013-04-18 20:00:49+00:00
u16,1,5.0,4.0,2,3.0,3.0,4.0,3.0,4.0,1366754716,5.0,2013-04-23 22:05:16+00:00
u16,5,1.0,5.0,5,1.0,5.0,1.0,1.0,5.0,1367037245,3.0,2013-04-27 04:34:05+00:00
u16,3,4.0,3.0,2,3.0,2.0,4.0,4.0,2.0,1367268501,2.0,2013-04-29 20:48:21+00:00
u16,1,4.0,2.0,3,3.0,2.0,1.0,3.0,5.0,1367458876,4.0,2013-05-02 01:41:16+00:00
u16,3,3.0,2.0,2,3.0,3.0,4.0,4.0,3.0,1368045137,4.0,2013-05-08 20:32:17+00:00
u16,3,2.0,4.0,1,2.0,3.0,3.0,2.0,4.0,1368233891,4.0,2013-05-11 00:58:11+00:00
u16,1,3.0,3.0,2,3.0,4.0,4.0,4.0,4.0,1368300316,3.0,2013-05-11 19:25:16+00:00
u16,2,3.0,4.0,5,3.0,3.0,1.0,1.0,5.0,1368480653,2.0,2013-05-13 21:30:53+00:00
u16,4,3.0,4.0,3,3.0,3.0,1.0,3.0,5.0,1368576606,3.0,2013-05-15 00:10:06+00:00
u16,3,3.0,4.0,4,3.0,3.0,1.0,2.0,5.0,1368665868,3.0,2013-05-16 00:57:48+00:00
u16,3,3.0,3.0,1,3.0,3.0,5.0,3.0,2.0,1368836329,3.0,2013-05-18 00:18:49+00:00
u16,4,1.0,3.0,5,3.0,2.0,1.0,1.0,3.0,1369719792,1.0,2013-05-28 05:43:12+00:00
u17,1,1.0,1.0,1,5.0,3.0,4.0,5.0,5.0,1365546385,5.0,2013-04-09 22:26:25+00:00
u17,3,5.0,1.0,1,1.0,3.0,4.0,5.0,5.0,1365881589,5.0,2013-04-13 19:33:09+00:00
u17,5,5.0,1.0,1,5.0,3.0,3.0,5.0,5.0,1366156004,5.0,2013-04-16 23:46:44+00:00
u17,5,2.0,1.0,4,3.0,1.0,5.0,4.0,5.0,1366318854,2.0,2013-04-18 21:00:54+00:00
u17,3,5.0,1.0,1,5.0,3.0,5.0,5.0,3.0,1366338796,5.0,2013-04-19 02:33:16+00:00
u17,1,3.0,1.0,1,3.0,4.0,4.0,5.0,5.0,1366486974,5.0,2013-04-20 19:42:54+00:00
u17,4,5.0,3.0,3,3.0,2.0,4.0,5.0,1.0,1366534164,5.0,2013-04-21 08:49:24+00:00
u17,5,4.0,1.0,4,5.0,4.0,3.0,3.0,5.0,1366582166,3.0,2013-04-21 22:09:26+00:00
u17,1,5.0,1.0,1,1.0,1.0,5.0,3.0,5.0,1366992241,3.0,2013-04-26 16:04:01+00:00
u17,3,5.0,3.0,4,2.0,3.0,4.0,5.0,5.0,1367209740,5.0,2013-04-29 04:29:00+00:00
u17,5,1.0,1.0,5,3.0,4.0,3.0,5.0,5.0,1368260004,5.0,2013-05-11 08:13:24+00:00
u18,2,,,3,3.0,,5.0,3.0,3.0,1365394234,3.0,2013-04-08 04:10:34+00:00
u18,3,3.0,3.0,3,3.0,3.0,3.0,2.0,3.0,1365455986,3.0,2013-04-08 21:19:46+00:00
u18,3,3.0,3.0,3,2.0,3.0,4.0,3.0,3.0,1365480506,4.0,2013-04-09 04:08:26+00:00
u18,2,3.0,3.0,3,3.0,3.0,4.0,3.0,4.0,1365551639,3.0,2013-04-09 23:53:59+00:00
u18,2,3.0,4.0,3,4.0,3.0,3.0,3.0,4.0,1365710759,4.0,2013-04-11 20:05:59+00:00
u18,4,3.0,3.0,3,2.0,3.0,3.0,3.0,2.0,1366131045,3.0,2013-04-16 16:50:45+00:00
u18,3,3.0,3.0,3,3.0,3.0,3.0,3.0,3.0,1366156111,3.0,2013-04-16 23:48:31+00:00
u18,3,3.0,3.0,3,4.0,3.0,3.0,3.0,4.0,1366315840,3.0,2013-04-18 20:10:40+00:00
u18,3,3.0,3.0,3,3.0,3.0,3.0,3.0,3.0,1366341779,3.0,2013-04-19 03:22:59+00:00
u18,3,3.0,3.0,2,4.0,2.0,1.0,4.0,3.0,1366403822,3.0,2013-04-19 20:37:02+00:00
u18,4,3.0,3.0,3,3.0,3.0,3.0,4.0,3.0,1366525073,3.0,2013-04-21 06:17:53+00:00
u18,4,3.0,3.0,2,2.0,4.0,3.0,3.0,3.0,1369358343,3.0,2013-05-24 01:19:03+00:00
u19,1,3.0,3.0,1,4.0,1.0,1.0,3.0,4.0,1365410016,3.0,2013-04-08 08:33:36+00:00
u19,3,5.0,4.0,2,4.0,1.0,2.0,2.0,5.0,1365455280,3.0,2013-04-08 21:08:00+00:00
u19,1,3.0,4.0,3,4.0,1.0,4.0,4.0,4.0,1365476802,3.0,2013-04-09 03:06:42+00:00
u19,1,4.0,4.0,1,4.0,1.0,1.0,2.0,5.0,1365670895,3.0,2013-04-11 09:01:35+00:00
u19,2,4.0,4.0,1,4.0,1.0,4.0,4.0,2.0,1365750910,4.0,2013-04-12 07:15:10+00:00
u19,3,3.0,5.0,1,4.0,1.0,4.0,2.0,5.0,1366083709,4.0,2013-04-16 03:41:49+00:00
u19,1,3.0,4.0,1,5.0,1.0,1.0,2.0,5.0,1366104141,2.0,2013-04-16 09:22:21+00:00
u19,2,4.0,3.0,3,5.0,1.0,5.0,4.0,2.0,1366145989,3.0,2013-04-16 20:59:49+00:00
u19,2,4.0,3.0,1,5.0,1.0,3.0,3.0,4.0,1366188377,3.0,2013-04-17 08:46:17+00:00
u19,2,4.0,4.0,1,5.0,1.0,1.0,3.0,5.0,1366230149,3.0,2013-04-17 20:22:29+00:00
u19,2,4.0,4.0,3,4.0,2.0,5.0,4.0,3.0,1366315715,3.0,2013-04-18 20:08:35+00:00
u19,2,4.0,4.0,2,5.0,2.0,3.0,3.0,4.0,1366360211,4.0,2013-04-19 08:30:11+00:00
u19,3,4.0,4.0,1,4.0,1.0,1.0,2.0,4.0,1366531948,2.0,2013-04-21 08:12:28+00:00
u19,1,5.0,4.0,2,4.0,2.0,4.0,4.0,2.0,1366607452,4.0,2013-04-22 05:10:52+00:00
u19,1,5.0,4.0,1,5.0,1.0,2.0,3.0,5.0,1366696876,3.0,2013-04-23 06:01:16+00:00
u19,2,4.0,3.0,1,4.0,1.0,3.0,3.0,4.0,1366703012,4.0,2013-04-23 07:43:32+00:00
u19,3,3.0,3.0,2,5.0,1.0,3.0,3.0,4.0,1366789968,4.0,2013-04-24 07:52:48+00:00
u19,2,4.0,3.0,3,5.0,2.0,4.0,4.0,2.0,1366866022,4.0,2013-04-25 05:00:22+00:00
u19,2,3.0,3.0,3,4.0,2.0,4.0,3.0,3.0,1366960488,4.0,2013-04-26 07:14:48+00:00
u19,2,5.0,2.0,1,4.0,1.0,1.0,4.0,4.0,1366963011,2.0,2013-04-26 07:56:51+00:00
u19,2,5.0,3.0,1,4.0,2.0,1.0,3.0,5.0,1367400526,3.0,2013-05-01 09:28:46+00:00
u19,2,4.0,4.0,1,5.0,1.0,3.0,3.0,5.0,1367635755,4.0,2013-05-04 02:49:15+00:00
u19,2,4.0,3.0,1,5.0,1.0,4.0,4.0,4.0,1367652189,3.0,2013-05-04 07:23:09+00:00
u19,2,4.0,3.0,1,5.0,1.0,4.0,4.0,4.0,1367740326,3.0,2013-05-05 07:52:06+00:00
u19,2,4.0,4.0,1,5.0,1.0,5.0,4.0,4.0,1367825420,5.0,2013-05-06 07:30:20+00:00
u19,3,4.0,4.0,1,4.0,2.0,4.0,4.0,4.0,1368217705,3.0,2013-05-10 20:28:25+00:00
u19,4,4.0,3.0,1,4.0,4.0,3.0,5.0,5.0,1368249214,2.0,2013-05-11 05:13:34+00:00
u19,2,4.0,3.0,1,4.0,1.0,5.0,4.0,2.0,1368349515,4.0,2013-05-12 09:05:15+00:00
u19,3,4.0,3.0,1,5.0,2.0,2.0,3.0,5.0,1368471682,2.0,2013-05-13 19:01:22+00:00
u19,3,4.0,4.0,1,4.0,2.0,5.0,4.0,2.0,1368501391,4.0,2013-05-14 03:16:31+00:00
u19,2,4.0,3.0,3,4.0,1.0,4.0,3.0,3.0,1368519355,4.0,2013-05-14 08:15:55+00:00
u19,2,4.0,3.0,1,5.0,1.0,1.0,3.0,4.0,1368580068,2.0,2013-05-15 01:07:48+00:00
u19,3,4.0,3.0,2,4.0,2.0,4.0,4.0,2.0,1368662801,4.0,2013-05-16 00:06:41+00:00
u19,3,2.0,3.0,3,4.0,3.0,3.0,3.0,3.0,1368748926,2.0,2013-05-17 00:02:06+00:00
u19,4,4.0,4.0,1,4.0,4.0,1.0,5.0,5.0,1368835367,1.0,2013-05-18 00:02:47+00:00
u19,2,4.0,3.0,1,5.0,2.0,3.0,4.0,4.0,1368999062,2.0,2013-05-19 21:31:02+00:00
u19,3,4.0,3.0,1,5.0,2.0,4.0,4.0,5.0,1369084315,4.0,2013-05-20 21:11:55+00:00
u19,3,4.0,3.0,1,5.0,1.0,2.0,4.0,4.0,1369127442,3.0,2013-05-21 09:10:42+00:00
u19,3,4.0,4.0,1,5.0,1.0,2.0,3.0,4.0,1369210142,4.0,2013-05-22 08:09:02+00:00
u19,4,3.0,5.0,4,2.0,1.0,1.0,3.0,4.0,1369295055,2.0,2013-05-23 07:44:15+00:00
u19,4,4.0,4.0,4,4.0,2.0,3.0,3.0,4.0,1369383253,3.0,2013-05-24 08:14:13+00:00
u19,5,2.0,3.0,4,3.0,2.0,1.0,4.0,5.0,1369470137,2.0,2013-05-25 08:22:17+00:00
u19,3,4.0,3.0,2,5.0,4.0,3.0,4.0,4.0,1369561867,4.0,2013-05-26 09:51:07+00:00
u19,2,4.0,4.0,1,4.0,2.0,4.0,4.0,2.0,1369984255,4.0,2013-05-31 07:10:55+00:00
u19,1,4.0,3.0,3,4.0,1.0,4.0,4.0,4.0,1370070377,3.0,2013-06-01 07:06:17+00:00
u20,3,2.0,2.0,4,3.0,2.0,3.0,2.0,2.0,1365462406,2.0,2013-04-08 23:06:46+00:00
u20,2,4.0,2.0,2,1.0,3.0,2.0,2.0,2.0,1365543608,2.0,2013-04-09 21:40:08+00:00
u22,2,2.0,5.0,2,2.0,2.0,3.0,1.0,3.0,1365457349,3.0,2013-04-08 21:42:29+00:00
u22,2,3.0,3.0,2,2.0,4.0,5.0,2.0,1.0,1365639028,3.0,2013-04-11 00:10:28+00:00
u22,4,3.0,3.0,3,3.0,2.0,3.0,3.0,3.0,1365975836,3.0,2013-04-14 21:43:56+00:00
u22,2,,,3,4.0,3.0,3.0,2.0,3.0,1366866226,3.0,2013-04-25 05:03:46+00:00
u23,4,2.0,4.0,2,4.0,1.0,4.0,3.0,2.0,1365389601,3.0,2013-04-08 02:53:21+00:00
u23,4,,3.0,3,4.0,4.0,2.0,4.0,4.0,1365455899,3.0,2013-04-08 21:18:19+00:00
u23,3,3.0,4.0,3,2.0,2.0,2.0,4.0,3.0,1365977122,3.0,2013-04-14 22:05:22+00:00
u24,2,4.0,3.0,2,4.0,4.0,2.0,3.0,1.0,1365754430,2.0,2013-04-12 08:13:50+00:00
u24,3,4.0,,3,3.0,4.0,2.0,2.0,4.0,1365886675,3.0,2013-04-13 20:57:55+00:00
u24,4,2.0,2.0,4,1.0,5.0,2.0,2.0,2.0,1365930786,4.0,2013-04-14 09:13:06+00:00
u24,2,,,1,3.0,,1.0,3.0,2.0,1368751701,2.0,2013-05-17 00:48:21+00:00
u25,3,4.0,5.0,1,2.0,2.0,3.0,2.0,3.0,1365458857,1.0,2013-04-08 22:07:37+00:00
u25,1,3.0,3.0,1,4.0,2.0,5.0,3.0,1.0,1365645280,3.0,2013-04-11 01:54:40+00:00
u25,1,5.0,4.0,1,4.0,1.0,1.0,3.0,5.0,1366315249,1.0,2013-04-18 20:00:49+00:00
u27,2,4.0,4.0,1,4.0,2.0,3.0,3.0,4.0,1365447187,3.0,2013-04-08 18:53:07+00:00
u27,3,5.0,2.0,1,2.0,4.0,1.0,3.0,5.0,1366021181,3.0,2013-04-15 10:19:41+00:00
u27,3,3.0,4.0,1,2.0,2.0,1.0,2.0,4.0,1366190331,4.0,2013-04-17 09:18:51+00:00
u27,4,2.0,3.0,2,4.0,3.0,1.0,2.0,3.0,1366232288,2.0,2013-04-17 20:58:08+00:00
u27,2,3.0,2.0,1,5.0,2.0,4.0,2.0,3.0,1366316191,3.0,2013-04-18 20:16:31+00:00
u30,1,4.0,3.0,1,4.0,1.0,4.0,4.0,1.0,1365468715,3.0,2013-04-09 00:51:55+00:00
u30,2,4.0,2.0,1,4.0,1.0,2.0,4.0,4.0,1366148800,4.0,2013-04-16 21:46:40+00:00
u30,4,3.0,3.0,1,4.0,1.0,4.0,2.0,3.0,1366231161,4.0,2013-04-17 20:39:21+00:00
u30,1,4.0,3.0,1,2.0,1.0,4.0,3.0,1.0,1366495759,4.0,2013-04-20 22:09:19+00:00
u30,1,4.0,3.0,1,3.0,1.0,2.0,3.0,4.0,1366608013,3.0,2013-04-22 05:20:13+00:00
u30,2,4.0,3.0,1,4.0,1.0,2.0,3.0,4.0,1367258427,3.0,2013-04-29 18:00:27+00:00
u31,1,5.0,1.0,2,2.0,2.0,5.0,4.0,1.0,1365454835,3.0,2013-04-08 21:00:35+00:00
u31,3,2.0,4.0,2,4.0,2.0,2.0,3.0,3.0,1366228941,2.0,2013-04-17 20:02:21+00:00
u32,2,2.0,1.0,1,3.0,1.0,2.0,3.0,2.0,1365455437,4.0,2013-04-08 21:10:37+00:00
u32,1,5.0,3.0,1,4.0,1.0,4.0,4.0,4.0,1365580843,4.0,2013-04-10 08:00:43+00:00
u32,1,5.0,2.0,1,4.0,1.0,4.0,4.0,1.0,1365839867,4.0,2013-04-13 07:57:47+00:00
u32,2,4.0,3.0,1,4.0,1.0,3.0,3.0,2.0,1366146116,4.0,2013-04-16 21:01:56+00:00
u32,1,5.0,2.0,1,4.0,1.0,4.0,3.0,1.0,1366230776,4.0,2013-04-17 20:32:56+00:00
u32,1,5.0,3.0,1,4.0,1.0,4.0,4.0,2.0,1366871776,4.0,2013-04-25 06:36:16+00:00
u32,2,4.0,2.0,1,5.0,1.0,5.0,5.0,1.0,1369636147,5.0,2013-05-27 06:29:07+00:00
u33,1,4.0,3.0,1,3.0,2.0,3.0,4.0,3.0,1365403429,3.0,2013-04-08 06:43:49+00:00
u33,1,4.0,2.0,1,4.0,2.0,2.0,2.0,4.0,1365454823,4.0,2013-04-08 21:00:23+00:00
u33,2,4.0,2.0,2,3.0,1.0,5.0,4.0,1.0,1365469910,3.0,2013-04-09 01:11:50+00:00
u33,1,5.0,5.0,1,3.0,3.0,1.0,4.0,5.0,1365537976,4.0,2013-04-09 20:06:16+00:00
u33,3,4.0,4.0,4,5.0,1.0,3.0,2.0,2.0,1365636219,3.0,2013-04-10 23:23:39+00:00
u33,1,4.0,3.0,1,4.0,1.0,1.0,2.0,5.0,1365726868,4.0,2013-04-12 00:34:28+00:00
u33,1,4.0,1.0,3,4.0,2.0,5.0,4.0,2.0,1365736222,3.0,2013-04-12 03:10:22+00:00
u33,1,5.0,1.0,1,3.0,1.0,5.0,5.0,1.0,1365747052,3.0,2013-04-12 06:10:52+00:00
u33,4,4.0,2.0,1,5.0,3.0,1.0,4.0,5.0,1366230495,3.0,2013-04-17 20:28:15+00:00
u33,1,5.0,2.0,1,4.0,2.0,1.0,4.0,5.0,1366316208,4.0,2013-04-18 20:16:48+00:00
u33,2,4.0,1.0,1,1.0,4.0,4.0,5.0,2.0,1366625924,4.0,2013-04-22 10:18:44+00:00
u33,4,5.0,2.0,1,2.0,4.0,4.0,5.0,3.0,1367306486,4.0,2013-04-30 07:21:26+00:00
u33,3,4.0,2.0,2,4.0,2.0,5.0,3.0,2.0,1368323849,4.0,2013-05-12 01:57:29+00:00
u33,3,5.0,4.0,1,3.0,4.0,3.0,4.0,5.0,1368483898,5.0,2013-05-13 22:24:58+00:00
u33,2,5.0,5.0,1,1.0,5.0,1.0,1.0,5.0,1368582636,3.0,2013-05-15 01:50:36+00:00
u33,4,4.0,3.0,1,2.0,4.0,1.0,2.0,5.0,1369880475,3.0,2013-05-30 02:21:15+00:00
u35,4,2.0,2.0,2,2.0,3.0,4.0,4.0,2.0,1365455572,3.0,2013-04-08 21:12:52+00:00
u35,1,,,1,1.0,,1.0,1.0,,1366240685,,2013-04-17 23:18:05+00:00
u35,2,4.0,2.0,1,4.0,3.0,2.0,3.0,5.0,1366316224,3.0,2013-04-18 20:17:04+00:00
u36,2,4.0,2.0,1,4.0,2.0,4.0,4.0,2.0,1365462611,4.0,2013-04-08 23:10:11+00:00
u36,1,3.0,2.0,1,4.0,2.0,4.0,3.0,3.0,1365906750,4.0,2013-04-14 02:32:30+00:00
u36,2,3.0,3.0,1,4.0,3.0,5.0,4.0,2.0,1366067836,4.0,2013-04-15 23:17:16+00:00
u36,2,3.0,3.0,1,4.0,2.0,5.0,3.0,4.0,1366242945,4.0,2013-04-17 23:55:45+00:00
u36,3,4.0,2.0,2,4.0,2.0,5.0,4.0,3.0,1366316478,4.0,2013-04-18 20:21:18+00:00
u36,2,4.0,2.0,1,4.0,2.0,5.0,4.0,3.0,1366665276,3.0,2013-04-22 21:14:36+00:00
u36,2,3.0,2.0,2,4.0,2.0,4.0,4.0,3.0,1368671834,3.0,2013-05-16 02:37:14+00:00
u36,2,3.0,3.0,2,4.0,3.0,4.0,4.0,2.0,1368754743,4.0,2013-05-17 01:39:03+00:00
u36,2,4.0,2.0,2,4.0,2.0,4.0,4.0,3.0,1368835503,4.0,2013-05-18 00:05:03+00:00
u39,2,3.0,2.0,3,3.0,2.0,4.0,3.0,3.0,1365833090,3.0,2013-04-13 06:04:50+00:00
u39,4,3.0,2.0,2,2.0,3.0,3.0,3.0,2.0,1366086071,2.0,2013-04-16 04:21:11+00:00
u39,3,3.0,3.0,3,3.0,3.0,3.0,3.0,3.0,1366180426,3.0,2013-04-17 06:33:46+00:00
u39,3,2.0,3.0,3,4.0,3.0,4.0,3.0,4.0,1366921932,4.0,2013-04-25 20:32:12+00:00
u43,2,4.0,3.0,2,3.0,3.0,2.0,2.0,4.0,1365459022,2.0,2013-04-08 22:10:22+00:00
u43,2,5.0,4.0,1,5.0,2.0,3.0,3.0,3.0,1365463602,2.0,2013-04-08 23:26:42+00:00
u43,2,4.0,3.0,1,3.0,2.0,4.0,3.0,2.0,1365579588,4.0,2013-04-10 07:39:48+00:00
u43,2,4.0,3.0,1,4.0,2.0,4.0,2.0,3.0,1365623600,4.0,2013-04-10 19:53:20+00:00
u43,1,4.0,3.0,2,3.0,3.0,4.0,4.0,2.0,1365830610,4.0,2013-04-13 05:23:30+00:00
u43,2,4.0,4.0,1,4.0,2.0,1.0,3.0,4.0,1365992054,2.0,2013-04-15 02:14:14+00:00
u43,2,4.0,4.0,2,4.0,2.0,4.0,4.0,2.0,1366146186,2.0,2013-04-16 21:03:06+00:00
u43,2,4.0,3.0,1,4.0,2.0,3.0,4.0,2.0,1366234934,2.0,2013-04-17 21:42:14+00:00
u43,2,4.0,2.0,2,5.0,2.0,4.0,4.0,2.0,1366315270,2.0,2013-04-18 20:01:10+00:00
u43,2,4.0,2.0,2,3.0,2.0,3.0,4.0,2.0,1366597113,3.0,2013-04-22 02:18:33+00:00
u44,1,4.0,4.0,1,1.0,3.0,2.0,4.0,4.0,1365453719,3.0,2013-04-08 20:41:59+00:00
u44,1,4.0,4.0,1,1.0,5.0,4.0,2.0,2.0,1365470085,3.0,2013-04-09 01:14:45+00:00
u44,4,3.0,4.0,2,3.0,3.0,2.0,2.0,4.0,1365546643,1.0,2013-04-09 22:30:43+00:00
u44,4,3.0,5.0,1,1.0,4.0,2.0,1.0,3.0,1365553951,1.0,2013-04-10 00:32:31+00:00
u44,2,4.0,4.0,2,2.0,4.0,2.0,2.0,4.0,1365580352,2.0,2013-04-10 07:52:32+00:00
u44,4,4.0,4.0,2,3.0,3.0,2.0,3.0,4.0,1365647662,3.0,2013-04-11 02:34:22+00:00
u44,3,4.0,4.0,2,2.0,4.0,3.0,2.0,4.0,1365726079,2.0,2013-04-12 00:21:19+00:00
u44,4,3.0,4.0,2,3.0,3.0,3.0,2.0,4.0,1365802604,2.0,2013-04-12 21:36:44+00:00
u44,2,4.0,3.0,2,3.0,2.0,5.0,3.0,2.0,1366080667,4.0,2013-04-16 02:51:07+00:00
u44,2,3.0,4.0,2,2.0,2.0,2.0,2.0,4.0,1366148403,4.0,2013-04-16 21:40:03+00:00
u44,2,4.0,4.0,3,4.0,2.0,3.0,4.0,4.0,1366239110,3.0,2013-04-17 22:51:50+00:00
u44,2,4.0,3.0,2,4.0,2.0,3.0,4.0,4.0,1366310381,2.0,2013-04-18 18:39:41+00:00
u44,2,4.0,4.0,2,2.0,2.0,4.0,4.0,4.0,1366318369,3.0,2013-04-18 20:52:49+00:00
u44,2,5.0,3.0,2,4.0,2.0,3.0,5.0,5.0,1366327375,3.0,2013-04-18 23:22:55+00:00
u44,1,4.0,5.0,1,1.0,4.0,3.0,4.0,4.0,1366405883,3.0,2013-04-19 21:11:23+00:00
u44,1,3.0,3.0,2,2.0,4.0,4.0,4.0,1.0,1366425309,4.0,2013-04-20 02:35:09+00:00
u44,1,5.0,5.0,1,1.0,4.0,1.0,1.0,5.0,1366436581,4.0,2013-04-20 05:43:01+00:00
u44,3,2.0,4.0,4,2.0,3.0,2.0,3.0,4.0,1366480628,1.0,2013-04-20 17:57:08+00:00
u44,2,5.0,3.0,2,4.0,2.0,3.0,3.0,5.0,1366572071,4.0,2013-04-21 19:21:11+00:00
u44,2,4.0,4.0,2,3.0,3.0,3.0,2.0,4.0,1366578155,2.0,2013-04-21 21:02:35+00:00
u44,4,3.0,4.0,2,3.0,4.0,2.0,3.0,4.0,1366607641,3.0,2013-04-22 05:14:01+00:00
u44,5,1.0,3.0,5,3.0,3.0,3.0,3.0,1.0,1366698220,1.0,2013-04-23 06:23:40+00:00
u44,4,2.0,4.0,3,1.0,4.0,2.0,2.0,4.0,1366750183,1.0,2013-04-23 20:49:43+00:00
u44,4,2.0,5.0,2,2.0,5.0,2.0,1.0,4.0,1366761032,1.0,2013-04-23 23:50:32+00:00
u44,3,4.0,4.0,2,3.0,3.0,3.0,4.0,4.0,1366849690,2.0,2013-04-25 00:28:10+00:00
u44,2,4.0,3.0,2,4.0,2.0,3.0,4.0,5.0,1366858189,3.0,2013-04-25 02:49:49+00:00
u44,2,4.0,4.0,2,2.0,3.0,2.0,2.0,4.0,1366920180,3.0,2013-04-25 20:03:00+00:00
u44,2,4.0,4.0,2,2.0,2.0,4.0,2.0,3.0,1366930985,3.0,2013-04-25 23:03:05+00:00
u44,2,4.0,3.0,2,4.0,2.0,2.0,4.0,4.0,1367039323,2.0,2013-04-27 05:08:43+00:00
u44,2,4.0,4.0,2,2.0,3.0,3.0,2.0,4.0,1367096111,4.0,2013-04-27 20:55:11+00:00
u44,3,2.0,2.0,2,4.0,3.0,2.0,3.0,4.0,1367109006,,2013-04-28 00:30:06+00:00
u44,3,4.0,4.0,2,4.0,2.0,2.0,4.0,5.0,1367204145,2.0,2013-04-29 02:55:45+00:00
u44,2,4.0,4.0,2,2.0,4.0,2.0,2.0,4.0,1367209825,3.0,2013-04-29 04:30:25+00:00
u44,3,4.0,4.0,2,4.0,2.0,2.0,4.0,4.0,1367256381,3.0,2013-04-29 17:26:21+00:00
u44,2,4.0,4.0,2,2.0,4.0,2.0,4.0,4.0,1367265424,4.0,2013-04-29 19:57:04+00:00
u44,4,2.0,,4,4.0,3.0,2.0,3.0,3.0,1367309769,1.0,2013-04-30 08:16:09+00:00
u44,2,3.0,4.0,2,3.0,2.0,2.0,2.0,3.0,1367359781,4.0,2013-04-30 22:09:41+00:00
u44,2,4.0,4.0,2,2.0,2.0,2.0,2.0,5.0,1367375755,3.0,2013-05-01 02:35:55+00:00
u44,2,4.0,4.0,2,2.0,4.0,2.0,2.0,4.0,1367462816,3.0,2013-05-02 02:46:56+00:00
u44,2,4.0,,2,2.0,4.0,2.0,2.0,4.0,1367528496,4.0,2013-05-02 21:01:36+00:00
u44,2,4.0,4.0,2,2.0,4.0,2.0,2.0,4.0,1367611876,2.0,2013-05-03 20:11:16+00:00
u44,2,3.0,4.0,2,2.0,2.0,4.0,4.0,4.0,1367638278,3.0,2013-05-04 03:31:18+00:00
u44,2,4.0,5.0,2,2.0,3.0,2.0,2.0,4.0,1367780094,5.0,2013-05-05 18:54:54+00:00
u44,2,4.0,4.0,2,4.0,2.0,2.0,4.0,4.0,1367793761,2.0,2013-05-05 22:42:41+00:00
u44,1,5.0,5.0,2,2.0,5.0,5.0,3.0,1.0,1367820052,5.0,2013-05-06 06:00:52+00:00
u44,4,2.0,,4,3.0,2.0,4.0,4.0,3.0,1367871079,2.0,2013-05-06 20:11:19+00:00
u44,2,4.0,4.0,2,4.0,2.0,4.0,4.0,4.0,1367987111,3.0,2013-05-08 04:25:11+00:00
u44,3,4.0,4.0,2,2.0,3.0,2.0,2.0,4.0,1368041964,2.0,2013-05-08 19:39:24+00:00
u44,2,3.0,5.0,2,2.0,4.0,2.0,2.0,3.0,1368049814,2.0,2013-05-08 21:50:14+00:00
u44,3,1.0,2.0,4,1.0,5.0,5.0,4.0,1.0,1368079729,3.0,2013-05-09 06:08:49+00:00
u44,2,4.0,4.0,2,2.0,4.0,2.0,2.0,4.0,1368121196,4.0,2013-05-09 17:39:56+00:00
u44,2,3.0,4.0,2,2.0,4.0,5.0,5.0,2.0,1368131856,5.0,2013-05-09 20:37:36+00:00
u44,2,3.0,4.0,2,2.0,4.0,4.0,2.0,4.0,1368333076,4.0,2013-05-12 04:31:16+00:00
u44,2,3.0,4.0,2,2.0,4.0,4.0,4.0,4.0,1368382580,4.0,2013-05-12 18:16:20+00:00
u44,2,4.0,,2,4.0,2.0,2.0,2.0,5.0,1368486276,2.0,2013-05-13 23:04:36+00:00
u44,5,2.0,4.0,4,4.0,2.0,2.0,2.0,3.0,1368575856,1.0,2013-05-14 23:57:36+00:00
u44,2,4.0,4.0,2,2.0,4.0,2.0,2.0,4.0,1368579350,3.0,2013-05-15 00:55:50+00:00
u44,4,2.0,4.0,4,4.0,2.0,2.0,4.0,4.0,1368584166,2.0,2013-05-15 02:16:06+00:00
u44,4,3.0,4.0,4,2.0,4.0,4.0,4.0,2.0,1368643926,2.0,2013-05-15 18:52:06+00:00
u44,3,3.0,4.0,2,2.0,4.0,4.0,2.0,4.0,1368649779,2.0,2013-05-15 20:29:39+00:00
u44,2,3.0,4.0,2,2.0,4.0,2.0,2.0,4.0,1368678572,2.0,2013-05-16 04:29:32+00:00
u44,2,4.0,4.0,2,2.0,4.0,2.0,2.0,5.0,1368729759,3.0,2013-05-16 18:42:39+00:00
u44,3,4.0,4.0,2,4.0,2.0,3.0,4.0,4.0,1368741276,2.0,2013-05-16 21:54:36+00:00
u44,3,2.0,3.0,4,2.0,4.0,4.0,4.0,2.0,1368770199,3.0,2013-05-17 05:56:39+00:00
u44,4,2.0,3.0,3,2.0,2.0,2.0,4.0,1.0,1368827776,2.0,2013-05-17 21:56:16+00:00
u44,2,3.0,4.0,2,2.0,4.0,2.0,2.0,4.0,1368836150,2.0,2013-05-18 00:15:50+00:00
u44,4,2.0,,2,2.0,4.0,2.0,4.0,4.0,1368846645,4.0,2013-05-18 03:10:45+00:00
u44,2,4.0,4.0,2,2.0,4.0,4.0,4.0,4.0,1368912026,3.0,2013-05-18 21:20:26+00:00
u44,2,4.0,4.0,2,4.0,2.0,2.0,4.0,4.0,1368928060,2.0,2013-05-19 01:47:40+00:00
u44,2,4.0,4.0,3,4.0,2.0,4.0,4.0,1.0,1368992199,4.0,2013-05-19 19:36:39+00:00
u44,2,4.0,4.0,2,2.0,4.0,2.0,2.0,5.0,1369011793,2.0,2013-05-20 01:03:13+00:00
u44,3,4.0,4.0,2,4.0,2.0,3.0,4.0,5.0,1369113041,2.0,2013-05-21 05:10:41+00:00
u44,2,4.0,4.0,2,4.0,2.0,2.0,2.0,4.0,1369118934,2.0,2013-05-21 06:48:54+00:00
u44,4,2.0,4.0,4,4.0,2.0,4.0,4.0,3.0,1369269227,2.0,2013-05-23 00:33:47+00:00
u44,4,4.0,4.0,2,4.0,2.0,2.0,4.0,3.0,1369357537,2.0,2013-05-24 01:05:37+00:00
u45,3,2.0,1.0,3,2.0,5.0,1.0,4.0,2.0,1366317497,2.0,2013-04-18 20:38:17+00:00
u46,2,4.0,2.0,3,4.0,1.0,4.0,4.0,3.0,1365456023,2.0,2013-04-08 21:20:23+00:00
u46,2,3.0,3.0,1,2.0,2.0,3.0,2.0,2.0,1366152258,3.0,2013-04-16 22:44:18+00:00
u47,1,,,2,5.0,,4.0,,,1369083615,,2013-05-20 21:00:15+00:00
u49,1,5.0,2.0,1,5.0,1.0,2.0,5.0,5.0,1365457028,2.0,2013-04-08 21:37:08+00:00
u49,1,5.0,3.0,1,5.0,1.0,3.0,5.0,4.0,1365883295,2.0,2013-04-13 20:01:35+00:00
u49,1,3.0,2.0,1,4.0,2.0,5.0,5.0,2.0,1365977202,2.0,2013-04-14 22:06:42+00:00
u49,1,3.0,1.0,2,3.0,1.0,5.0,5.0,1.0,1366099181,3.0,2013-04-16 07:59:41+00:00
u49,3,3.0,3.0,1,3.0,3.0,1.0,3.0,4.0,1366260026,2.0,2013-04-18 04:40:26+00:00
u49,1,4.0,1.0,1,4.0,2.0,5.0,5.0,2.0,1367202525,4.0,2013-04-29 02:28:45+00:00
u49,2,5.0,1.0,1,5.0,1.0,3.0,5.0,4.0,1367470683,3.0,2013-05-02 04:58:03+00:00
u49,1,5.0,3.0,1,3.0,1.0,2.0,3.0,3.0,1367701342,3.0,2013-05-04 21:02:22+00:00
u49,2,4.0,3.0,3,4.0,3.0,1.0,3.0,5.0,1367704857,3.0,2013-05-04 22:00:57+00:00
u49,2,4.0,3.0,2,3.0,3.0,1.0,2.0,4.0,1367712950,3.0,2013-05-05 00:15:50+00:00
u49,1,4.0,2.0,1,5.0,3.0,4.0,5.0,2.0,1367733855,3.0,2013-05-05 06:04:15+00:00
u49,2,3.0,3.0,3,4.0,3.0,2.0,2.0,4.0,1367906398,3.0,2013-05-07 05:59:58+00:00
u49,3,4.0,3.0,1,3.0,3.0,2.0,2.0,4.0,1368172605,2.0,2013-05-10 07:56:45+00:00
u49,2,5.0,2.0,2,4.0,1.0,3.0,3.0,4.0,1368216538,3.0,2013-05-10 20:08:58+00:00
u49,2,5.0,2.0,1,5.0,1.0,4.0,5.0,3.0,1368306658,4.0,2013-05-11 21:10:58+00:00
u49,1,5.0,3.0,1,4.0,1.0,3.0,3.0,5.0,1368413611,3.0,2013-05-13 02:53:31+00:00
u49,1,5.0,1.0,1,5.0,1.0,4.0,5.0,2.0,1368666913,2.0,2013-05-16 01:15:13+00:00
u49,1,5.0,2.0,1,3.0,1.0,3.0,4.0,2.0,1368826908,3.0,2013-05-17 21:41:48+00:00
u49,1,5.0,1.0,1,5.0,1.0,2.0,5.0,5.0,1368836332,5.0,2013-05-18 00:18:52+00:00
u49,1,5.0,1.0,2,4.0,1.0,5.0,5.0,1.0,1368858868,2.0,2013-05-18 06:34:28+00:00
u49,3,4.0,2.0,3,4.0,4.0,1.0,3.0,5.0,1368925185,1.0,2013-05-19 00:59:45+00:00
u49,1,5.0,2.0,1,5.0,1.0,2.0,3.0,2.0,1369001554,3.0,2013-05-19 22:12:34+00:00
u49,2,5.0,2.0,1,5.0,1.0,2.0,4.0,2.0,1369015418,2.0,2013-05-20 02:03:38+00:00
u49,1,5.0,1.0,1,5.0,1.0,4.0,5.0,2.0,1369085856,2.0,2013-05-20 21:37:36+00:00
u49,1,5.0,2.0,1,5.0,1.0,2.0,5.0,5.0,1369281795,1.0,2013-05-23 04:03:15+00:00
u49,1,5.0,3.0,1,5.0,2.0,4.0,5.0,3.0,1369382185,2.0,2013-05-24 07:56:25+00:00
u49,2,5.0,1.0,1,5.0,1.0,2.0,4.0,4.0,1369986742,2.0,2013-05-31 07:52:22+00:00
u50,2,4.0,3.0,3,4.0,2.0,3.0,3.0,3.0,1365464079,4.0,2013-04-08 23:34:39+00:00
u50,1,4.0,3.0,2,2.0,2.0,2.0,2.0,1.0,1365544604,4.0,2013-04-09 21:56:44+00:00
u51,2,3.0,3.0,4,3.0,3.0,1.0,4.0,2.0,1365455568,4.0,2013-04-08 21:12:48+00:00
u51,2,3.0,2.0,2,5.0,2.0,3.0,4.0,2.0,1366067819,4.0,2013-04-15 23:16:59+00:00
u51,2,4.0,2.0,2,3.0,2.0,2.0,4.0,3.0,1366242932,3.0,2013-04-17 23:55:32+00:00
u51,3,3.0,3.0,2,4.0,3.0,2.0,3.0,4.0,1366315586,4.0,2013-04-18 20:06:26+00:00
u52,4,2.0,3.0,3,3.0,3.0,1.0,2.0,5.0,1365457866,3.0,2013-04-08 21:51:06+00:00
u52,4,3.0,3.0,1,3.0,1.0,3.0,3.0,5.0,1366142417,4.0,2013-04-16 20:00:17+00:00
u52,4,1.0,3.0,1,3.0,1.0,1.0,1.0,5.0,1366229049,4.0,2013-04-17 20:04:09+00:00
u52,3,4.0,3.0,1,4.0,1.0,4.0,2.0,4.0,1366315240,5.0,2013-04-18 20:00:40+00:00
u53,4,2.0,3.0,1,3.0,2.0,2.0,2.0,1.0,1365498404,3.0,2013-04-09 09:06:44+00:00
u53,4,4.0,2.0,2,3.0,2.0,3.0,2.0,3.0,1365893681,4.0,2013-04-13 22:54:41+00:00
u53,1,4.0,3.0,1,4.0,1.0,3.0,2.0,4.0,1366336961,3.0,2013-04-19 02:02:41+00:00
u53,1,4.0,3.0,1,4.0,1.0,3.0,2.0,4.0,1366336989,3.0,2013-04-19 02:03:09+00:00
u53,1,4.0,4.0,1,4.0,1.0,2.0,3.0,4.0,1366353583,2.0,2013-04-19 06:39:43+00:00
u53,1,4.0,2.0,1,4.0,2.0,2.0,2.0,4.0,1368663099,3.0,2013-05-16 00:11:39+00:00
u53,2,4.0,2.0,1,4.0,1.0,4.0,2.0,3.0,1368836822,4.0,2013-05-18 00:27:02+00:00
u54,5,1.0,5.0,1,1.0,3.0,1.0,2.0,5.0,1366229127,3.0,2013-04-17 20:05:27+00:00
u56,1,4.0,3.0,1,2.0,3.0,1.0,1.0,5.0,1365460894,1.0,2013-04-08 22:41:34+00:00
u56,1,5.0,3.0,1,1.0,3.0,1.0,3.0,5.0,1365473833,2.0,2013-04-09 02:17:13+00:00
u56,1,4.0,3.0,1,2.0,3.0,3.0,2.0,3.0,1365619661,4.0,2013-04-10 18:47:41+00:00
u56,1,4.0,4.0,1,2.0,2.0,1.0,1.0,5.0,1366233495,2.0,2013-04-17 21:18:15+00:00
u57,1,4.0,3.0,1,3.0,2.0,2.0,3.0,4.0,1365743022,3.0,2013-04-12 05:03:42+00:00
u57,2,4.0,3.0,1,3.0,2.0,4.0,3.0,4.0,1365833086,3.0,2013-04-13 06:04:46+00:00
u57,2,4.0,,1,4.0,3.0,3.0,3.0,3.0,1366142730,2.0,2013-04-16 20:05:30+00:00
u57,4,2.0,3.0,5,3.0,3.0,1.0,2.0,2.0,1366229381,1.0,2013-04-17 20:09:41+00:00
u57,1,4.0,3.0,2,4.0,2.0,4.0,3.0,2.0,1366315375,3.0,2013-04-18 20:02:55+00:00
u57,1,3.0,3.0,3,4.0,2.0,4.0,4.0,2.0,1366868148,3.0,2013-04-25 05:35:48+00:00
u57,1,5.0,3.0,1,5.0,2.0,3.0,3.0,4.0,1368035829,3.0,2013-05-08 17:57:09+00:00
u57,2,3.0,3.0,1,3.0,1.0,4.0,4.0,3.0,1368579560,4.0,2013-05-15 00:59:20+00:00
u58,5,1.0,2.0,4,5.0,1.0,1.0,4.0,5.0,1365460099,2.0,2013-04-08 22:28:19+00:00
u58,5,2.0,1.0,5,5.0,1.0,4.0,5.0,5.0,1365973492,3.0,2013-04-14 21:04:52+00:00
u58,5,1.0,1.0,5,2.0,1.0,5.0,5.0,1.0,1366165958,4.0,2013-04-17 02:32:38+00:00
u58,5,1.0,2.0,5,5.0,2.0,1.0,4.0,5.0,1366229159,5.0,2013-04-17 20:05:59+00:00
u58,2,5.0,1.0,3,5.0,4.0,3.0,5.0,5.0,1366315265,3.0,2013-04-18 20:01:05+00:00
u58,4,5.0,2.0,5,5.0,1.0,1.0,2.0,5.0,1366400063,2.0,2013-04-19 19:34:23+00:00
u58,1,5.0,1.0,1,4.0,2.0,4.0,5.0,2.0,1366518883,5.0,2013-04-21 04:34:43+00:00
u58,4,2.0,4.0,5,5.0,1.0,2.0,4.0,1.0,1366595497,2.0,2013-04-22 01:51:37+00:00
u58,5,1.0,1.0,5,5.0,1.0,5.0,1.0,1.0,1366697031,2.0,2013-04-23 06:03:51+00:00
u58,1,3.0,1.0,4,5.0,1.0,5.0,5.0,1.0,1366762097,5.0,2013-04-24 00:08:17+00:00
u58,1,5.0,1.0,5,5.0,1.0,3.0,5.0,5.0,1366779622,3.0,2013-04-24 05:00:22+00:00
u58,1,1.0,1.0,5,5.0,1.0,5.0,5.0,5.0,1367008525,3.0,2013-04-26 20:35:25+00:00
u58,5,1.0,1.0,4,5.0,1.0,5.0,5.0,1.0,1367212802,1.0,2013-04-29 05:20:02+00:00
u58,4,1.0,4.0,4,4.0,4.0,1.0,1.0,5.0,1367251344,3.0,2013-04-29 16:02:24+00:00
u58,4,1.0,3.0,5,5.0,4.0,1.0,1.0,5.0,1368237596,2.0,2013-05-11 01:59:56+00:00
u58,3,2.0,1.0,1,3.0,1.0,5.0,5.0,1.0,1368295956,3.0,2013-05-11 18:12:36+00:00
u58,5,1.0,1.0,5,5.0,1.0,3.0,5.0,1.0,1368667390,2.0,2013-05-16 01:23:10+00:00
u58,2,3.0,,3,4.0,1.0,5.0,4.0,4.0,1368755352,4.0,2013-05-17 01:49:12+00:00
u58,4,3.0,4.0,3,1.0,4.0,1.0,3.0,5.0,1368835500,4.0,2013-05-18 00:05:00+00:00
u58,4,2.0,1.0,1,4.0,1.0,5.0,5.0,5.0,1368915352,5.0,2013-05-18 22:15:52+00:00
u58,4,1.0,3.0,1,3.0,1.0,5.0,5.0,1.0,1369727048,5.0,2013-05-28 07:44:08+00:00
u59,2,4.0,3.0,4,4.0,2.0,2.0,2.0,4.0,1365400874,4.0,2013-04-08 06:01:14+00:00
u59,2,4.0,2.0,2,4.0,2.0,4.0,4.0,4.0,1365443834,4.0,2013-04-08 17:57:14+00:00
u59,2,4.0,1.0,2,5.0,1.0,4.0,4.0,5.0,1365446700,5.0,2013-04-08 18:45:00+00:00
u59,2,4.0,3.0,3,5.0,2.0,2.0,3.0,4.0,1365457073,4.0,2013-04-08 21:37:53+00:00
u59,2,5.0,2.0,1,4.0,2.0,3.0,4.0,4.0,1365562531,5.0,2013-04-10 02:55:31+00:00
u59,2,4.0,3.0,3,2.0,3.0,3.0,2.0,3.0,1365587284,2.0,2013-04-10 09:48:04+00:00
u59,3,4.0,4.0,4,3.0,3.0,2.0,2.0,2.0,1365674387,3.0,2013-04-11 09:59:47+00:00
u59,2,5.0,2.0,3,5.0,2.0,4.0,3.0,5.0,1365731003,5.0,2013-04-12 01:43:23+00:00
u59,2,5.0,3.0,2,3.0,3.0,2.0,1.0,5.0,1365815159,5.0,2013-04-13 01:05:59+00:00
u59,2,5.0,2.0,2,5.0,1.0,3.0,3.0,5.0,1365898215,5.0,2013-04-14 00:10:15+00:00
u59,2,5.0,2.0,1,5.0,2.0,4.0,4.0,5.0,1365969954,5.0,2013-04-14 20:05:54+00:00
u59,2,5.0,2.0,2,5.0,2.0,4.0,5.0,4.0,1366071482,5.0,2013-04-16 00:18:02+00:00
u59,2,5.0,2.0,2,5.0,2.0,5.0,5.0,3.0,1366315376,4.0,2013-04-18 20:02:56+00:00
u59,2,4.0,2.0,2,4.0,2.0,2.0,3.0,4.0,1366387294,3.0,2013-04-19 16:01:34+00:00
u59,2,4.0,2.0,2,4.0,2.0,5.0,5.0,3.0,1366404847,4.0,2013-04-19 20:54:07+00:00
u59,3,3.0,3.0,3,4.0,2.0,2.0,3.0,4.0,1366537496,3.0,2013-04-21 09:44:56+00:00
u59,1,5.0,2.0,1,4.0,2.0,5.0,5.0,1.0,1366604294,5.0,2013-04-22 04:18:14+00:00
u59,2,4.0,3.0,3,4.0,2.0,4.0,3.0,4.0,1366653426,4.0,2013-04-22 17:57:06+00:00
u59,1,4.0,4.0,2,2.0,3.0,1.0,1.0,5.0,1366770648,3.0,2013-04-24 02:30:48+00:00
u59,2,3.0,3.0,1,5.0,1.0,3.0,2.0,5.0,1366951011,3.0,2013-04-26 04:36:51+00:00
u59,2,4.0,2.0,2,5.0,1.0,4.0,3.0,2.0,1366964327,3.0,2013-04-26 08:18:47+00:00
u59,3,5.0,2.0,2,4.0,2.0,4.0,4.0,4.0,1367012482,4.0,2013-04-26 21:41:22+00:00
u59,2,4.0,2.0,2,4.0,3.0,5.0,3.0,3.0,1367100539,4.0,2013-04-27 22:08:59+00:00
u59,3,3.0,2.0,3,4.0,1.0,3.0,2.0,5.0,1367223302,3.0,2013-04-29 08:15:02+00:00
u59,3,3.0,4.0,4,4.0,2.0,1.0,1.0,5.0,1367348699,3.0,2013-04-30 19:04:59+00:00
u59,2,5.0,3.0,2,4.0,2.0,4.0,2.0,5.0,1367561608,3.0,2013-05-03 06:13:28+00:00
u59,1,4.0,4.0,2,3.0,4.0,2.0,2.0,5.0,1367787424,3.0,2013-05-05 20:57:04+00:00
u59,2,4.0,4.0,2,3.0,3.0,1.0,1.0,4.0,1367893860,3.0,2013-05-07 02:31:00+00:00
u59,2,3.0,3.0,3,3.0,3.0,1.0,2.0,5.0,1367945918,3.0,2013-05-07 16:58:38+00:00
u59,3,1.0,4.0,3,4.0,2.0,1.0,1.0,4.0,1368293692,4.0,2013-05-11 17:34:52+00:00
u59,3,3.0,4.0,2,4.0,2.0,1.0,2.0,5.0,1368360520,4.0,2013-05-12 12:08:40+00:00
u59,2,4.0,3.0,2,4.0,2.0,3.0,2.0,3.0,1368597777,3.0,2013-05-15 06:02:57+00:00
u59,2,5.0,1.0,1,3.0,2.0,5.0,5.0,1.0,1368911197,5.0,2013-05-18 21:06:37+00:00
u59,1,5.0,2.0,2,4.0,1.0,5.0,4.0,3.0,1369162606,5.0,2013-05-21 18:56:46+00:00
u59,3,3.0,5.0,3,2.0,3.0,2.0,1.0,4.0,1369205352,2.0,2013-05-22 06:49:12+00:00
u59,2,3.0,3.0,3,4.0,2.0,2.0,2.0,3.0,1369267469,5.0,2013-05-23 00:04:29+00:00
u59,1,4.0,3.0,2,3.0,3.0,1.0,2.0,5.0,1369595865,3.0,2013-05-26 19:17:45+00:00
u59,3,2.0,3.0,4,3.0,2.0,2.0,3.0,4.0,1369644300,3.0,2013-05-27 08:45:00+00:00
u59,2,4.0,3.0,3,4.0,2.0,2.0,2.0,4.0,1369684174,3.0,2013-05-27 19:49:34+00:00
u59,3,3.0,3.0,3,4.0,2.0,2.0,2.0,4.0,1369792941,2.0,2013-05-29 02:02:21+00:00
u59,3,3.0,4.0,4,3.0,3.0,1.0,1.0,5.0,1369930486,2.0,2013-05-30 16:14:46+00:00
u59,2,4.0,2.0,2,3.0,3.0,4.0,4.0,3.0,1369994313,4.0,2013-05-31 09:58:33+00:00
u59,2,4.0,4.0,2,3.0,3.0,2.0,2.0,5.0,1370023911,3.0,2013-05-31 18:11:51+00:00
u59,2,5.0,3.0,2,4.0,2.0,3.0,3.0,5.0,1370208801,5.0,2013-06-02 21:33:21+00:00
u59,1,4.0,2.0,2,4.0,3.0,4.0,3.0,2.0,1370231306,4.0,2013-06-03 03:48:26+00:00
u59,1,4.0,2.0,2,4.0,2.0,2.0,3.0,4.0,1370416579,4.0,2013-06-05 07:16:19+00:00
